{
  "version": "v178",
  "experiment": "UOSL parameter uncertainty (5000-bootstrap) + comparison vs Kaplan/Chinchilla scaling laws",
  "timestamp": "2026-05-09T14:34:59",
  "n_fit_points": 10,
  "n_bootstrap": 5000,
  "uosl_v2": {
    "param_point": {
      "P_0": 0.7744284929304919,
      "P_inf": 0.955535882985948,
      "a": 49.70532305365146,
      "n_c": 5.6662704558389185
    },
    "param_ci_95": {
      "P_0": {
        "point": 0.7744284929304919,
        "median_boot": 0.7708815131177222,
        "ci_lo": 0.6805507916916373,
        "ci_hi": 0.8540007726668751
      },
      "P_inf": {
        "point": 0.955535882985948,
        "median_boot": 0.9905098839501778,
        "ci_lo": 0.903508150287879,
        "ci_hi": 0.9999999999999999
      },
      "a": {
        "point": 49.70532305365146,
        "median_boot": 49.99999999393086,
        "ci_lo": 12.949393692902538,
        "ci_hi": 49.99999999999999
      },
      "n_c": {
        "point": 5.6662704558389185,
        "median_boot": 5.668961115766597,
        "ci_lo": 5.500555541505441,
        "ci_hi": 5.784460896627477
      }
    },
    "rmse_within_fit": 0.09107197531416864,
    "yale_prediction": {
      "point": 0.7744284929304919,
      "ci_95_lo": 0.6805507916916373,
      "ci_95_hi": 0.8540027721331724,
      "observed": 0.7871,
      "in_ci_95": true,
      "err_pp": 1.2671507069508148
    },
    "v172_zero_shot_upenn_prediction": {
      "point": 0.9081067741104415,
      "ci_95_lo": 0.734591498837722,
      "ci_95_hi": 0.9616252571755896,
      "observed": 0.9285,
      "in_ci_95": true,
      "err_pp": 2.0393225889558497
    }
  },
  "kaplan_mccandlish": {
    "params": {
      "P_inf": 0.8367811587186561,
      "C": 162.18494904648176,
      "alpha": 4.999999999998245
    },
    "rmse_within_fit": 0.11692149956505521,
    "yale_pred": 0.8356942724124182,
    "yale_err_pp": 4.8594272412418205,
    "v172_pred": 0.8356942724124182,
    "v172_err_pp": 9.280572758758176
  },
  "chinchilla_lite": {
    "params": {
      "P_inf": 0.8394679875937603,
      "C": 3.3626434775917,
      "alpha": 4.999999638885805,
      "D": 0.12082881667153697,
      "beta": 4.99999999999891
    },
    "rmse_within_fit": 0.11216115716265124,
    "yale_pred": 0.8394293223723928,
    "yale_err_pp": 5.2329322372392735,
    "v172_pred": 0.8394293223723928,
    "v172_err_pp": 8.907067762760724
  }
}