{
  "version": "v185",
  "experiment": "Universal Outgrowth-Distance Scaling Law (UODSL)",
  "timestamp": "2026-05-09T18:07:33",
  "equation": "P(outgrowth | d) = A * exp(-d / lambda)",
  "physical_motivation": "Darcy/Fisher-KPP diffusion: an exponentially-decaying outgrowth probability with distance from baseline boundary is the steady-state of a reaction-diffusion process where tumour invasion has a characteristic length scale lambda.",
  "n_distance_bins": [
    1,
    2,
    3,
    4,
    5,
    6,
    7,
    8,
    9,
    10,
    11,
    12,
    13,
    14,
    15,
    16,
    17,
    18,
    19,
    20,
    21,
    22,
    23,
    24
  ],
  "n_bootstrap": 5000,
  "cohort_results": {
    "UCSF-POSTOP": {
      "n_patients": 297,
      "A_point": 0.15836039296500082,
      "A_ci_lo": 0.14301495917832904,
      "A_ci_hi": 0.18503639416375567,
      "lambda_point": 7.446843263093443,
      "lambda_ci_lo": 6.214473096718962,
      "lambda_ci_hi": 8.040938946760884,
      "lambda_boot_n": 5000,
      "fit_r2": 0.8406975248152251,
      "d_array": [
        1.0,
        2.0,
        3.0,
        4.0,
        5.0,
        6.0,
        7.0,
        8.0,
        9.0,
        10.0,
        11.0,
        12.0,
        13.0,
        14.0,
        15.0,
        16.0,
        17.0,
        18.0,
        19.0,
        20.0,
        21.0,
        22.0,
        23.0,
        24.0
      ],
      "p_array": [
        0.32935975369069237,
        0.15207417231177703,
        0.10427415758965539,
        0.07859327938597525,
        0.06241423783208236,
        0.052381627759581245,
        0.04514712108382726,
        0.03762906446730964,
        0.03175701535493945,
        0.027297786812901823,
        0.02532715484666481,
        0.023530402458902998,
        0.02235887124540359,
        0.02286484652607896,
        0.02243789293780138,
        0.0218307110459091,
        0.02309538625655614,
        0.020077220077220077,
        0.01763596353348004,
        0.016191607284243865,
        0.014081087642631707,
        0.015809235228245833,
        0.014880468368840463,
        0.014418229481750353
      ],
      "n_voxels_per_d": [
        1076695,
        754783,
        580863,
        635805,
        533452,
        451246,
        377920,
        335007,
        326605,
        239067,
        201128,
        166253,
        145222,
        112006,
        81915,
        74299,
        56245,
        44030,
        31810,
        25260,
        20595,
        15181,
        12298,
        9918
      ]
    },
    "MU-Glioma-Post": {
      "n_patients": 151,
      "A_point": 0.3913097814959736,
      "A_ci_lo": 0.36387073861942076,
      "A_ci_hi": 0.4220000218272322,
      "lambda_point": 58.425396274913965,
      "lambda_ci_lo": 37.116220544980436,
      "lambda_ci_hi": 96.4970179471702,
      "lambda_boot_n": 5000,
      "fit_r2": 0.4044963340522325,
      "d_array": [
        1.0,
        2.0,
        3.0,
        4.0,
        5.0,
        6.0,
        7.0,
        8.0,
        9.0,
        10.0,
        11.0,
        12.0,
        13.0,
        14.0,
        15.0,
        16.0,
        17.0,
        18.0,
        19.0,
        20.0,
        21.0,
        22.0,
        23.0,
        24.0
      ],
      "p_array": [
        0.48810734801340355,
        0.434997434899197,
        0.3982589461592865,
        0.36949925435534064,
        0.3409928697741322,
        0.32104403200804393,
        0.3044352554661833,
        0.2910144068853686,
        0.28547689488356204,
        0.27801624783584156,
        0.27499515432063576,
        0.2710616037269344,
        0.2720062122136558,
        0.27987348093890463,
        0.2896059911227044,
        0.29707857551426814,
        0.3067754559173338,
        0.3199686482575666,
        0.3230769230769231,
        0.3270542248835662,
        0.32756072781010437,
        0.3338737695425594,
        0.3310787729726037,
        0.32219399904746787
      ],
      "n_voxels_per_d": [
        401088,
        274843,
        210677,
        232014,
        193963,
        167083,
        141232,
        128272,
        128781,
        97613,
        87707,
        76846,
        72116,
        60070,
        47537,
        47203,
        39097,
        33172,
        26715,
        24048,
        21654,
        17270,
        14637,
        12598
      ]
    },
    "RHUH-GBM": {
      "n_patients": 39,
      "A_point": 0.5587705487247142,
      "A_ci_lo": 0.4528248923792043,
      "A_ci_hi": 0.6733962888849119,
      "lambda_point": 11.819007802132303,
      "lambda_ci_lo": 8.784879065929736,
      "lambda_ci_hi": 16.793857913666848,
      "lambda_boot_n": 5000,
      "fit_r2": 0.6967655687507164,
      "d_array": [
        1.0,
        2.0,
        3.0,
        4.0,
        5.0,
        6.0,
        7.0,
        8.0,
        9.0,
        10.0,
        11.0,
        12.0,
        13.0,
        14.0,
        15.0,
        16.0,
        17.0,
        18.0,
        19.0,
        20.0,
        21.0,
        22.0,
        23.0,
        24.0
      ],
      "p_array": [
        0.37445349335619377,
        0.3656837916063676,
        0.3585439593663079,
        0.3513753327417924,
        0.3380799777065626,
        0.33398282694848086,
        0.3288404438193468,
        0.33910602461671346,
        0.34269638606362257,
        0.3437518020875382,
        0.3451820412494197,
        0.3326696400127429,
        0.3249168838170545,
        0.3028152629129828,
        0.26806025207500767,
        0.23669839288500547,
        0.17758985200845667,
        0.1414347137361394,
        0.10289855072463767,
        0.08212401055408972,
        0.06143465909090909,
        0.0284115368058545,
        0.016152019002375298,
        0.016976127320954906
      ],
      "n_voxels_per_d": [
        81655,
        55280,
        41345,
        43953,
        35885,
        30280,
        25596,
        23155,
        23105,
        17341,
        15079,
        12556,
        11129,
        8596,
        6506,
        6409,
        5203,
        4419,
        3450,
        3032,
        2816,
        2323,
        2105,
        1885
      ]
    },
    "LUMIERE": {
      "n_patients": 22,
      "A_point": 0.18616495815493203,
      "A_ci_lo": 0.1461806625750983,
      "A_ci_hi": 0.2450684855455884,
      "lambda_point": 25.001217869839046,
      "lambda_ci_lo": 12.155274553450946,
      "lambda_ci_hi": 41.32389473327823,
      "lambda_boot_n": 5000,
      "fit_r2": 0.31743141125684815,
      "d_array": [
        1.0,
        2.0,
        3.0,
        4.0,
        5.0,
        6.0,
        7.0,
        8.0,
        9.0,
        10.0,
        11.0,
        12.0,
        13.0,
        14.0,
        15.0,
        16.0,
        17.0,
        18.0,
        19.0,
        20.0,
        21.0,
        22.0,
        23.0,
        24.0
      ],
      "p_array": [
        0.2886088809244966,
        0.26403992098970785,
        0.22619991795432792,
        0.19348410016463044,
        0.15900918897323213,
        0.12368254441175375,
        0.10895134332053981,
        0.09400121013052122,
        0.09313684907691035,
        0.07645104733782412,
        0.07295645530939648,
        0.06875275451740855,
        0.06841410337913835,
        0.06948824905890731,
        0.07283400369605392,
        0.08310853469551742,
        0.09236842105263159,
        0.09494792035711755,
        0.09661716171617162,
        0.10758446110407945,
        0.12685673215141352,
        0.14078645235361653,
        0.17670454545454545,
        0.19654863290004482
      ],
      "n_voxels_per_d": [
        70871,
        48095,
        36565,
        34623,
        30036,
        26851,
        24231,
        23138,
        24158,
        21674,
        20944,
        20421,
        20449,
        19658,
        18398,
        17423,
        15200,
        14113,
        12120,
        10271,
        8348,
        6968,
        5280,
        4462
      ]
    },