{
  "version": "v189",
  "experiment": "Training-free bimodal kernel as a clinical deployment tool",
  "timestamp": "2026-05-09T20:13:30",
  "sigma_grid": [
    1.0,
    2.0,
    3.0,
    4.0,
    5.0,
    7.0,
    10.0,
    12.0,
    15.0,
    20.0,
    25.0,
    30.0
  ],
  "per_cohort": {
    "UCSF-POSTOP": {
      "n_patients": 297,
      "per_sigma": {
        "sigma=1.0": {
          "auc_mean": 0.874236277842007,
          "dice_mean": 0.18103870714978443,
          "coverage_mean": 0.1308986332990767,
          "n_eval": 297
        },
        "sigma=2.0": {
          "auc_mean": 0.8713477100672726,
          "dice_mean": 0.2651746019185597,
          "coverage_mean": 0.2551208025712726,
          "n_eval": 297
        },
        "sigma=3.0": {
          "auc_mean": 0.8594615766201693,
          "dice_mean": 0.27941829040967825,
          "coverage_mean": 0.32111423187109633,
          "n_eval": 297
        },
        "sigma=4.0": {
          "auc_mean": 0.8464650677891427,
          "dice_mean": 0.280208121743647,
          "coverage_mean": 0.3678899194939789,
          "n_eval": 297
        },
        "sigma=5.0": {
          "auc_mean": 0.8335217403864361,
          "dice_mean": 0.28004321797212417,
          "coverage_mean": 0.414062176659375,
          "n_eval": 297
        },
        "sigma=7.0": {
          "auc_mean": 0.8101508221010879,
          "dice_mean": 0.2832085213236259,
          "coverage_mean": 0.5332453365237186,
          "n_eval": 297
        },
        "sigma=10.0": {
          "auc_mean": 0.7796315451588142,
          "dice_mean": 0.25589352882853394,
          "coverage_mean": 0.7410686897571624,
          "n_eval": 297
        },
        "sigma=12.0": {
          "auc_mean": 0.7615298679592213,
          "dice_mean": 0.2274943097907886,
          "coverage_mean": 0.8329066317495306,
          "n_eval": 297
        },
        "sigma=15.0": {
          "auc_mean": 0.7326229445814655,
          "dice_mean": 0.20503715203392203,
          "coverage_mean": 0.8945085661956743,
          "n_eval": 297
        },
        "sigma=20.0": {
          "auc_mean": 0.6789813501286691,
          "dice_mean": 0.19661274456524439,
          "coverage_mean": 0.9539449270435276,
          "n_eval": 297
        },
        "sigma=25.0": {
          "auc_mean": 0.643400066430154,
          "dice_mean": 0.19122888725419085,
          "coverage_mean": 0.9869751754794764,
          "n_eval": 297
        },
        "sigma=30.0": {
          "auc_mean": 0.6354214490077779,
          "dice_mean": 0.19053027947970896,
          "coverage_mean": 0.9992056717408829,
          "n_eval": 297
        }
      },
      "optimal_sigma": 1.0,
      "optimal_auc": 0.874236277842007
    },
    "MU-Glioma-Post": {
      "n_patients": 151,
      "per_sigma": {
        "sigma=1.0": {
          "auc_mean": 0.6997186604236791,
          "dice_mean": 0.08146079898837133,
          "coverage_mean": 0.05986857207843036,
          "n_eval": 149
        },
        "sigma=2.0": {
          "auc_mean": 0.7176671939027073,
          "dice_mean": 0.16755150256302512,
          "coverage_mean": 0.15843804591449123,
          "n_eval": 149
        },
        "sigma=3.0": {
          "auc_mean": 0.7248955480140798,
          "dice_mean": 0.21296713834325084,
          "coverage_mean": 0.22548369180946418,
          "n_eval": 149
        },
        "sigma=4.0": {
          "auc_mean": 0.7276074545312102,
          "dice_mean": 0.24136990577080422,
          "coverage_mean": 0.280939512360721,
          "n_eval": 149
        },
        "sigma=5.0": {
          "auc_mean": 0.7278686919653913,
          "dice_mean": 0.265729291029928,
          "coverage_mean": 0.3322379396999174,
          "n_eval": 149
        },
        "sigma=7.0": {
          "auc_mean": 0.7248710813389545,
          "dice_mean": 0.31511909333483357,
          "coverage_mean": 0.4455955558818172,
          "n_eval": 149
        },
        "sigma=10.0": {
          "auc_mean": 0.7151740889422791,
          "dice_mean": 0.3794066645526028,
          "coverage_mean": 0.6112053359863036,
          "n_eval": 149
        },
        "sigma=12.0": {
          "auc_mean": 0.7046623906159598,
          "dice_mean": 0.40306945082669293,
          "coverage_mean": 0.7118721758055037,
          "n_eval": 149
        },
        "sigma=15.0": {
          "auc_mean": 0.6905218410915249,
          "dice_mean": 0.4185132116835561,
          "coverage_mean": 0.8019633331892314,
          "n_eval": 149
        },
        "sigma=20.0": {
          "auc_mean": 0.6746570286594918,
          "dice_mean": 0.4398841356292737,
          "coverage_mean": 0.896269516870256,
          "n_eval": 149
        },
        "sigma=25.0": {
          "auc_mean": 0.6712299951441639,
          "dice_mean": 0.4586603189858989,
          "coverage_mean": 0.9604484001575445,
          "n_eval": 149
        },
        "sigma=30.0": {
          "auc_mean": 0.6713536831845146,
          "dice_mean": 0.4710168991656487,
          "coverage_mean": 0.9982065957591089,
          "n_eval": 149
        }
      },
      "optimal_sigma": 5.0,
      "optimal_auc": 0.7278686919653913
    },
    "RHUH-GBM": {
      "n_patients": 39,
      "per_sigma": {
        "sigma=1.0": {
          "auc_mean": 0.6521109010851253,
          "dice_mean": 0.05505341050273205,
          "coverage_mean": 0.07353399451946281,
          "n_eval": 34
        },
        "sigma=2.0": {
          "auc_mean": 0.6660506360606155,
          "dice_mean": 0.11959848803073815,
          "coverage_mean": 0.1617273671984355,
          "n_eval": 34
        },
        "sigma=3.0": {
          "auc_mean": 0.679398300954868,
          "dice_mean": 0.15325826960467814,
          "coverage_mean": 0.21395573475970547,
          "n_eval": 34
        },
        "sigma=4.0": {
          "auc_mean": 0.6872221048456599,
          "dice_mean": 0.1795751616126268,
          "coverage_mean": 0.26871529407961525,
          "n_eval": 34
        },
        "sigma=5.0": {
          "auc_mean": 0.6929034239243257,
          "dice_mean": 0.20231019757965626,
          "coverage_mean": 0.3243554446507343,
          "n_eval": 34
        },
        "sigma=7.0": {
          "auc_mean": 0.6976403598354787,
          "dice_mean": 0.23609919580333844,
          "coverage_mean": 0.38954126953566837,
          "n_eval": 34
        },
        "sigma=10.0": {
          "auc_mean": 0.6950441443821435,
          "dice_mean": 0.282816394244517,
          "coverage_mean": 0.49767834990841614,
          "n_eval": 34
        },
        "sigma=12.0": {
          "auc_mean": 0.7011724561497857,
          "dice_mean": 0.31698135494737156,
          "coverage_mean": 0.6150953154658609,
          "n_eval": 34
        },
        "sigma=15.0": {
          "auc_mean": 0.7134066913254602,
          "dice_mean": 0.3646293812527252,
          "coverage_mean": 0.7460362699873885,
          "n_eval": 34
        },
        "sigma=20.0": {
          "auc_mean": 0.7144704384156588,
          "dice_mean": 0.4116841466657095,
          "coverage_mean": 0.8588192959968654,
          "n_eval": 34
        },
        "sigma=25.0": {
          "auc_mean": 0.7270197140580024,
          "dice_mean": 0.44851907176945405,
          "coverage_mean": 0.938965248636832,
          "n_eval": 34
        },
        "sigma=30.0": {
          "auc_mean": 0.7285694776536054,
          "dice_mean": 0.455777460719857,
          "coverage_mean": 0.9837679253584242,
          "n_eval": 34
        }
      },
      "optimal_sigma": 30.0,
      "optimal_auc": 0.7285694776536054
    },
    "LUMIERE": {
      "n_patients": 22,
      "per_sigma": {
        "sigma=1.0": {
          "auc_mean": 0.7403496150937078,
          "dice_mean": 0.05583819314563629,
          "coverage_mean": 0.037917913258179885,
          "n_eval": 22
        },
        "sigma=2.0": {
          "auc_mean": 0.7428188032789245,
          "dice_mean": 0.12932633377547284,