{
  "version": "v191",
  "experiment": "Multi-scale bimodal kernel \u2014 universal recipe",
  "timestamp": "2026-05-09T21:10:46",
  "sigma_sets": {
    "single_3": [
      3
    ],
    "multi_2_7_15": [
      2,
      7,
      15
    ],
    "multi_1_5_15": [
      1,
      5,
      15
    ],
    "multi_1_3_7_15_30": [
      1,
      3,
      7,
      15,
      30
    ],
    "multi_1_7_30": [
      1,
      7,
      30
    ],
    "multi_2_5_10_20": [
      2,
      5,
      10,
      20
    ]
  },
  "results": {
    "single_3__max": {
      "sigmas": [
        3
      ],
      "mode": "max",
      "per_cohort": {
        "UCSF-POSTOP": {
          "auc_mean": 0.8594615766201693,
          "dice_mean": 0.27941829040967825,
          "coverage_mean": 0.32111423187109633,
          "n_eval": 297
        },
        "MU-Glioma-Post": {
          "auc_mean": 0.7248955480140798,
          "dice_mean": 0.21296713834325084,
          "coverage_mean": 0.22548369180946418,
          "n_eval": 149
        },
        "RHUH-GBM": {
          "auc_mean": 0.679398300954868,
          "dice_mean": 0.15325826960467814,
          "coverage_mean": 0.21395573475970547,
          "n_eval": 34
        },
        "LUMIERE": {
          "auc_mean": 0.7491883989746363,
          "dice_mean": 0.1765157541178384,
          "coverage_mean": 0.20971771723950014,
          "n_eval": 22
        },
        "PROTEAS-brain-mets": {
          "auc_mean": 0.929401193766401,
          "dice_mean": 0.08606368443024456,
          "coverage_mean": 0.4536143269263283,
          "n_eval": 100
        },
        "UPENN-GBM": {
          "auc_mean": 0.6658131859766334,
          "dice_mean": 0.3562803444277786,
          "coverage_mean": 0.3275792295058007,
          "n_eval": 39
        },
        "Yale-Brain-Mets": {
          "auc_mean": 0.8912936203461662,
          "dice_mean": 0.07254378353895052,
          "coverage_mean": 0.29161468552208963,
          "n_eval": 19
        }
      },
      "mean_auc_across_cohorts": 0.785635974950422
    },
    "single_3__mean": {
      "sigmas": [
        3
      ],
      "mode": "mean",
      "per_cohort": {
        "UCSF-POSTOP": {
          "auc_mean": 0.8594615766201693,
          "dice_mean": 0.27941829040967825,
          "coverage_mean": 0.32111423187109633,
          "n_eval": 297
        },
        "MU-Glioma-Post": {
          "auc_mean": 0.7248955480140798,
          "dice_mean": 0.21296713834325084,
          "coverage_mean": 0.22548369180946418,
          "n_eval": 149
        },
        "RHUH-GBM": {
          "auc_mean": 0.679398300954868,
          "dice_mean": 0.15325826960467814,
          "coverage_mean": 0.21395573475970547,
          "n_eval": 34
        },
        "LUMIERE": {
          "auc_mean": 0.7491883989746363,
          "dice_mean": 0.1765157541178384,
          "coverage_mean": 0.20971771723950014,
          "n_eval": 22
        },
        "PROTEAS-brain-mets": {
          "auc_mean": 0.929401193766401,
          "dice_mean": 0.08606368443024456,
          "coverage_mean": 0.4536143269263283,
          "n_eval": 100
        },
        "UPENN-GBM": {
          "auc_mean": 0.6658131859766334,
          "dice_mean": 0.3562803444277786,
          "coverage_mean": 0.3275792295058007,
          "n_eval": 39
        },
        "Yale-Brain-Mets": {
          "auc_mean": 0.8912936203461662,
          "dice_mean": 0.07254378353895052,
          "coverage_mean": 0.29161468552208963,
          "n_eval": 19
        }
      },
      "mean_auc_across_cohorts": 0.785635974950422
    },
    "multi_2_7_15__max": {
      "sigmas": [
        2,
        7,
        15
      ],
      "mode": "max",
      "per_cohort": {
        "UCSF-POSTOP": {
          "auc_mean": 0.7354872831503507,
          "dice_mean": 0.2057859149678379,
          "coverage_mean": 0.897404594091164,
          "n_eval": 297
        },
        "MU-Glioma-Post": {
          "auc_mean": 0.6916224191060184,
          "dice_mean": 0.4188522927072873,
          "coverage_mean": 0.8025490821650894,
          "n_eval": 149
        },
        "RHUH-GBM": {
          "auc_mean": 0.7134100019296828,
          "dice_mean": 0.3650113164079904,
          "coverage_mean": 0.7463623984959313,
          "n_eval": 34
        },
        "LUMIERE": {
          "auc_mean": 0.6970267235934581,
          "dice_mean": 0.25439716182202504,
          "coverage_mean": 0.7477368206395112,
          "n_eval": 22
        },
        "PROTEAS-brain-mets": {
          "auc_mean": 0.8372825256331153,
          "dice_mean": 0.0076939764242776884,
          "coverage_mean": 0.8407388809067767,
          "n_eval": 100
        },
        "UPENN-GBM": {
          "auc_mean": 0.6879159041364292,
          "dice_mean": 0.7207230720874922,
          "coverage_mean": 0.9796058607396211,
          "n_eval": 39
        },
        "Yale-Brain-Mets": {
          "auc_mean": 0.7470712673916662,
          "dice_mean": 0.007958458189666113,
          "coverage_mean": 0.882544312841043,
          "n_eval": 19
        }
      },
      "mean_auc_across_cohorts": 0.7299737321343888
    },
    "multi_2_7_15__mean": {
      "sigmas": [
        2,
        7,
        15
      ],
      "mode": "mean",
      "per_cohort": {
        "UCSF-POSTOP": {
          "auc_mean": 0.8338315859507356,
          "dice_mean": 0.3113346851541745,
          "coverage_mean": 0.6418491311043496,
          "n_eval": 297
        },
        "MU-Glioma-Post": {
          "auc_mean": 0.7143523886175571,
          "dice_mean": 0.33090451107007235,
          "coverage_mean": 0.4514452676596349,
          "n_eval": 149
        },
        "RHUH-GBM": {
          "auc_mean": 0.696134131242731,
          "dice_mean": 0.2415754889413859,
          "coverage_mean": 0.392652324976084,
          "n_eval": 34
        },
        "LUMIERE": {
          "auc_mean": 0.7272444930430573,
          "dice_mean": 0.25194515131939715,
          "coverage_mean": 0.4543221577036645,
          "n_eval": 22
        },
        "PROTEAS-brain-mets": {
          "auc_mean": 0.9002226689433209,
          "dice_mean": 0.026695219787792292,
          "coverage_mean": 0.72427933608532,
          "n_eval": 100
        },
        "UPENN-GBM": {
          "auc_mean": 0.6785141877063136,
          "dice_mean": 0.5696754540960156,
          "coverage_mean": 0.6358729240551437,
          "n_eval": 39
        },
        "Yale-Brain-Mets": {
          "auc_mean": 0.8305495897838051,
          "dice_mean": 0.01847954948295478,
          "coverage_mean": 0.6478130991041567,
          "n_eval": 19
        }
      },
      "mean_auc_across_cohorts": 0.7686927207553601
    },
    "multi_1_5_15__max": {
      "sigmas": [
        1,
        5,
        15
      ],
      "mode": "max",
      "per_cohort": {
        "UCSF-POSTOP": {
          "auc_mean": 0.7350544164328003,
          "dice_mean": 0.20571957285211298,
          "coverage_mean": 0.8972076963997458,
          "n_eval": 297
        },
        "MU-Glioma-Post": {
          "auc_mean": 0.6915532100217233,
          "dice_mean": 0.4188119428475781,
          "coverage_mean": 0.802495630835784,
          "n_eval": 149
        },
        "RHUH-GBM": {
          "auc_mean": 0.7134959463509446,
          "dice_mean": 0.3649524435102417,
          "coverage_mean": 0.7462962929791134,
          "n_eval": 34
        },
        "LUMIERE": {
          "auc_mean": 0.6967392783087237,
          "dice_mean": 0.2544134326851817,
          "coverage_mean": 0.7477262718937571,
          "n_eval": 22
        },
        "PROTEAS-brain-mets": {
          "auc_mean": 0.837174823587612,
          "dice_mean": 0.007698363351235355,
          "coverage_mean": 0.8507388809067767,
          "n_eval": 100
        },
        "UPENN-GBM": {
          "auc_mean": 0.6879399484287075,
          "dice_mean": 0.7207230720874922,
          "coverage_mean": 0.9796058607396211,
          "n_eval": 39
        },