{
  "version": "v192",
  "experiment": "UOSL-similarity-gated hybrid deployment",
  "timestamp": "2026-05-10T00:46:12",
  "n_per_cohort": {
    "UCSF-POSTOP": 297,
    "MU-Glioma-Post": 151,
    "RHUH-GBM": 39,
    "LUMIERE": 22,
    "PROTEAS-brain-mets": 126
  },
  "S_per_cohort": {
    "UCSF-POSTOP": 0.7928068605762258,
    "MU-Glioma-Post": 0.9090798657818342,
    "RHUH-GBM": 0.8567576846664141,
    "LUMIERE": 0.7727354977429854,
    "PROTEAS-brain-mets": 0.0,
    "UPENN-GBM": 0.881013536502643,
    "Yale-Brain-Mets": 0.3071602257867544
  },
  "S_thresholds_tested": [
    0.3,
    0.4,
    0.5,
    0.6,
    0.7,
    0.8
  ],
  "foundation_per_cohort": {
    "UCSF-POSTOP": {
      "auc": 0.7701609574033577,
      "dice": 0.20185244231711957,
      "n": 297
    },
    "MU-Glioma-Post": {
      "auc": 0.7143210918214771,
      "dice": 0.4332503438399702,
      "n": 151
    },
    "RHUH-GBM": {
      "auc": 0.6668299278301781,
      "dice": 0.4031835750997898,
      "n": 39
    },
    "LUMIERE": {
      "auc": 0.6892564420709305,
      "dice": 0.30085414453497067,
      "n": 22
    },
    "PROTEAS-brain-mets": {
      "auc": 0.703204471879371,
      "dice": 0.004310677102939996,
      "n": 126
    },
    "UPENN-GBM": {
      "auc": 0.6677910276822803,
      "dice": 0.7115122021583259,
      "n": 41
    },
    "Yale-Brain-Mets": {
      "auc": 0.8348719953747437,
      "dice": 0.017886675236999244,
      "n": 19
    }
  },
  "kernel_s3_per_cohort": {
    "UCSF-POSTOP": {
      "auc": 0.8594615766201693,
      "dice": 0.27941829040967825,
      "coverage": 0.32111423187109633,
      "n": 297
    },
    "MU-Glioma-Post": {
      "auc": 0.7248955480140798,
      "dice": 0.21296713834325084,
      "coverage": 0.22548369180946418,
      "n": 151
    },
    "RHUH-GBM": {
      "auc": 0.679398300954868,
      "dice": 0.15325826960467814,
      "coverage": 0.21395573475970547,
      "n": 39
    },
    "LUMIERE": {
      "auc": 0.7491883989746363,
      "dice": 0.1765157541178384,
      "coverage": 0.20971771723950014,
      "n": 22
    },
    "PROTEAS-brain-mets": {
      "auc": 0.929401193766401,
      "dice": 0.08606368443024456,
      "coverage": 0.4536143269263283,
      "n": 126
    },
    "UPENN-GBM": {
      "auc": 0.6658131859766334,
      "dice": 0.3562803444277786,
      "coverage": 0.3275792295058007,
      "n": 41
    },
    "Yale-Brain-Mets": {
      "auc": 0.8912936203461662,
      "dice": 0.07254378353895052,
      "coverage": 0.29161468552208963,
      "n": 19
    }
  },
  "hybrid_results": {
    "0.3": {
      "S_threshold": 0.3,
      "per_cohort": {
        "UCSF-POSTOP": {
          "S": 0.7928068605762258,
          "source": "foundation",
          "auc": 0.7701609574033577,
          "dice": 0.20185244231711957
        },
        "MU-Glioma-Post": {
          "S": 0.9090798657818342,
          "source": "foundation",
          "auc": 0.7143210918214771,
          "dice": 0.4332503438399702
        },
        "RHUH-GBM": {
          "S": 0.8567576846664141,
          "source": "foundation",
          "auc": 0.6668299278301781,
          "dice": 0.4031835750997898
        },
        "LUMIERE": {
          "S": 0.7727354977429854,
          "source": "foundation",
          "auc": 0.6892564420709305,
          "dice": 0.30085414453497067
        },
        "PROTEAS-brain-mets": {
          "S": 0.0,
          "source": "kernel_s3",
          "auc": 0.929401193766401,
          "dice": 0.08606368443024456
        },
        "UPENN-GBM": {
          "S": 0.881013536502643,
          "source": "foundation",
          "auc": 0.6677910276822803,
          "dice": 0.7115122021583259
        },
        "Yale-Brain-Mets": {
          "S": 0.3071602257867544,
          "source": "foundation",
          "auc": 0.8348719953747437,
          "dice": 0.017886675236999244
        }
      },
      "mean_auc": 0.7532332337070525,
      "mean_dice": 0.3078004382310599
    },
    "0.4": {
      "S_threshold": 0.4,
      "per_cohort": {
        "UCSF-POSTOP": {
          "S": 0.7928068605762258,
          "source": "foundation",
          "auc": 0.7701609574033577,
          "dice": 0.20185244231711957
        },
        "MU-Glioma-Post": {
          "S": 0.9090798657818342,
          "source": "foundation",
          "auc": 0.7143210918214771,
          "dice": 0.4332503438399702
        },
        "RHUH-GBM": {
          "S": 0.8567576846664141,
          "source": "foundation",
          "auc": 0.6668299278301781,
          "dice": 0.4031835750997898
        },
        "LUMIERE": {
          "S": 0.7727354977429854,
          "source": "foundation",
          "auc": 0.6892564420709305,
          "dice": 0.30085414453497067
        },
        "PROTEAS-brain-mets": {
          "S": 0.0,
          "source": "kernel_s3",
          "auc": 0.929401193766401,
          "dice": 0.08606368443024456
        },
        "UPENN-GBM": {
          "S": 0.881013536502643,
          "source": "foundation",
          "auc": 0.6677910276822803,
          "dice": 0.7115122021583259
        },
        "Yale-Brain-Mets": {
          "S": 0.3071602257867544,
          "source": "kernel_s3",
          "auc": 0.8912936203461662,
          "dice": 0.07254378353895052
        }
      },
      "mean_auc": 0.7612934658458272,
      "mean_dice": 0.31560859655991014
    },
    "0.5": {
      "S_threshold": 0.5,
      "per_cohort": {
        "UCSF-POSTOP": {
          "S": 0.7928068605762258,
          "source": "foundation",
          "auc": 0.7701609574033577,
          "dice": 0.20185244231711957
        },
        "MU-Glioma-Post": {
          "S": 0.9090798657818342,
          "source": "foundation",
          "auc": 0.7143210918214771,
          "dice": 0.4332503438399702
        },
        "RHUH-GBM": {
          "S": 0.8567576846664141,
          "source": "foundation",
          "auc": 0.6668299278301781,
          "dice": 0.4031835750997898
        },
        "LUMIERE": {
          "S": 0.7727354977429854,
          "source": "foundation",
          "auc": 0.6892564420709305,
          "dice": 0.30085414453497067
        },
        "PROTEAS-brain-mets": {
          "S": 0.0,
          "source": "kernel_s3",
          "auc": 0.929401193766401,
          "dice": 0.08606368443024456
        },
        "UPENN-GBM": {
          "S": 0.881013536502643,
          "source": "foundation",
          "auc": 0.6677910276822803,
          "dice": 0.7115122021583259
        },
        "Yale-Brain-Mets": {
          "S": 0.3071602257867544,
          "source": "kernel_s3",
          "auc": 0.8912936203461662,
          "dice": 0.07254378353895052
        }
      },
      "mean_auc": 0.7612934658458272,
      "mean_dice": 0.31560859655991014
    },
    "0.6": {
      "S_threshold": 0.6,
      "per_cohort": {
        "UCSF-POSTOP": {
          "S": 0.7928068605762258,
          "source": "foundation",
          "auc": 0.7701609574033577,
          "dice": 0.20185244231711957
        },
        "MU-Glioma-Post": {
          "S": 0.9090798657818342,
          "source": "foundation",
          "auc": 0.7143210918214771,
          "dice": 0.4332503438399702
        },
        "RHUH-GBM": {
          "S": 0.8567576846664141,
          "source": "foundation",
          "auc": 0.6668299278301781,
          "dice": 0.4031835750997898
        },
        "LUMIERE": {
          "S": 0.7727354977429854,
          "source": "foundation",
          "auc": 0.6892564420709305,
          "dice": 0.30085414453497067
        },
        "PROTEAS-brain-mets": {
          "S": 0.0,
          "source": "kernel_s3",
          "auc": 0.929401193766401,
          "dice": 0.08606368443024456
        },
        "UPENN-GBM": {
          "S": 0.881013536502643,
          "source": "foundation",
          "auc": 0.6677910276822803,
          "dice": 0.7115122021583259
        },
        "Yale-Brain-Mets": {
          "S": 0.3071602257867544,
          "source": "kernel_s3",
          "auc": 0.8912936203461662,