{
  "version": "v193",
  "experiment": "Multi-seed end-to-end UOSL-gated hybrid recipe evaluation",
  "timestamp": "2026-05-10T01:14:56",
  "seeds": [
    42,
    123,
    999
  ],
  "S_threshold": 0.5,
  "S_per_cohort": {
    "UCSF-POSTOP": 0.7928,
    "MU-Glioma-Post": 0.9091,
    "RHUH-GBM": 0.8568,
    "LUMIERE": 0.7727,
    "PROTEAS-brain-mets": 0.0,
    "UPENN-GBM": 0.881,
    "Yale-Brain-Mets": 0.3072
  },
  "by_seed": {
    "42": {
      "UPENN-GBM": {
        "recipe": "foundation+kernel",
        "sigma_used": 7.0,
        "S": 0.881,
        "route_label": "UPENN-GBM",
        "auc_mean": 0.6372445554868091,
        "dice_mean": 0.7142760006089982,
        "coverage_mean": 0.9466864434957868,
        "n_eval": 39,
        "auc_per_patient": [
          0.6987748582942004,
          0.6537990193430554,
          0.7459160173871733,
          0.5918797209664228,
          0.5660137579861012,
          0.61278198902874,
          0.8506510410457848,
          0.7788164502587811,
          0.6810314642281354,
          0.7815940577385607,
          0.7057438954533818,
          0.5164172444941875,
          0.5691636029805522,
          0.6861717321943104,
          0.560027674308426,
          0.5858433009565234,
          0.5698555959539411,
          0.7175344443314771,
          0.6499885662639573,
          0.5119868884415515,
          0.7740301147957022,
          0.7931640622361253,
          0.5438694808623371,
          0.7051443577123184,
          0.5119591333903373,
          0.7252665274256506,
          0.5495710853192446,
          0.5506026746460702,
          0.5361571783767706,
          0.5562053164534863,
          0.524877574608049,
          0.6169482884561148,
          0.6524410486831249,
          0.6704109610149002,
          0.6092802533526698,
          0.6566786470129895,
          0.6501349538177751,
          0.6426290289360341,
          0.5491756552305891
        ],
        "dice_per_patient": [
          0.8461538461538461,
          0.8495575221238938,
          0.864165796449514,
          0.7304537431211712,
          0.7755102040816326,
          0.7758099352051836,
          0.5454545454545454,
          0.14201183431952663,
          0.8896827421961385,
          0.8707865168539326,
          0.49522075557578515,
          0.5460475825019186,
          0.9444444444444444,
          1.0,
          0.6230422086541014,
          0.6047608183131797,
          0.3975174316144357,
          0.7065217391304348,
          0.8863914543229109,
          1.0,
          0.6765380754338162,
          0.8202478394073803,
          0.8666666666666667,
          0.9523809523809523,
          0.5217391304347826,
          0.9263157894736842,
          0.5652173913043478,
          0.8039819004524887,
          0.4794007490636704,
          0.5283018867924528,
          0.7759061645647765,
          0.3776121332241803,
          0.8221079271777288,
          0.8449612403100775,
          0.7997521330854664,
          0.8412906038805319,
          0.6782608695652174,
          0.8899141238808698,
          0.4935064935064935,
          0.4960534970401228,
          0.6316273368066196
        ]
      },
      "Yale-Brain-Mets": {
        "recipe": "kernel_only_sigma3",
        "sigma_used": 3.0,
        "S": 0.3072,
        "route_label": "Yale-Brain-Mets",
        "auc_mean": 0.8912936203461662,
        "dice_mean": 0.07254378353895052,
        "coverage_mean": 0.29161468552208963,
        "n_eval": 19,
        "auc_per_patient": [
          0.8863780040112235,
          0.903367209508427,
          0.8447870447925703,
          0.8492494214910622,
          0.7904843172712286,
          0.8155945064717612,
          0.9161347885886876,
          0.9588847945305032,
          0.8906530302960715,
          0.9737737278240886,
          0.9023766509768878,
          0.9066442459670241,
          0.8709065782284443,
          0.9413526748799423,
          0.9490624339103745,
          0.9117577839211752,
          0.9123293548023088,
          0.9692034722501942,
          0.7416387468551837
        ],
        "dice_per_patient": [
          0.05852674066599395,
          0.075046904315197,
          0.05602923264311815,
          0.033106134371957155,
          0.0,
          0.016073478760045924,
          0.14285714285714285,
          0.10152284263959391,
          0.03821656050955414,
          0.06779661016949153,
          0.15384615384615385,
          0.06535947712418301,
          0.07238095238095238,
          0.12716763005780346,
          0.08128544423440454,
          0.09153952843273232,
          0.030303030303030304,
          0.11955168119551682,
          0.04772234273318872
        ]
      }
    },
    "123": {
      "UPENN-GBM": {
        "recipe": "foundation+kernel",
        "sigma_used": 7.0,
        "S": 0.881,
        "route_label": "UPENN-GBM",
        "auc_mean": 0.6434285940836607,
        "dice_mean": 0.6987871688942611,
        "coverage_mean": 0.8909952808189134,
        "n_eval": 39,
        "auc_per_patient": [
          0.711492366186576,
          0.6727091480163782,
          0.7582812260146187,
          0.66129688508953,
          0.5800687798552893,
          0.539940156465513,
          0.8669270820915698,
          0.8827765835224297,
          0.621696509855974,
          0.7226131047886473,
          0.8074945642611755,
          0.5310103762777277,
          0.7136948484694585,
          0.7322695875355131,
          0.5448060869089311,
          0.7499813658852713,
          0.5074710892717188,
          0.6901713306624515,
          0.505686849543032,
          0.5194315486296546,
          0.7808410114151532,
          0.7061197914105529,
          0.5320841469320756,
          0.6618458577764353,
          0.5127854526275768,
          0.8440874520577607,
          0.546984995011803,
          0.634508929029107,
          0.5692605602270528,
          0.5833809494047851,
          0.5180143502574235,
          0.6690931412624195,
          0.6768557910559652,
          0.5470182404598796,
          0.5317264393869099,
          0.6753676822542025,
          0.6765680369204254,
          0.5862661405509587,
          0.5210867118908238
        ],
        "dice_per_patient": [
          0.8461538461538461,
          0.8495575221238938,
          0.8789023989484062,
          0.6954745248560639,
          0.7755102040816326,
          0.731997731997732,
          0.5454545454545454,
          0.14291030889467807,
          0.7998501451718647,
          0.8720654180954893,
          0.5006134969325153,
          0.5291915410300516,
          0.9444444444444444,
          1.0,
          0.6706359390237643,
          0.5459179189735478,
          0.4823645320197044,
          0.717508813160987,
          0.8946537333634108,
          1.0,
          0.534456958336615,
          0.7793263646922184,
          0.8666666666666667,
          0.9523809523809523,
          0.5217391304347826,
          0.9260802807633253,
          0.5652173913043478,
          0.8083267457180501,
          0.48364458189603904,
          0.5283018867924528,
          0.7631458199504451,
          0.37665306122448977,
          0.7920859051323244,
          0.8449612403100775,
          0.7067247449131809,
          0.6678462061925825,
          0.6782608695652174,
          0.8607450402017223,
          0.4935064935064935,
          0.4275278738946559,
          0.649468646061491
        ]
      },
      "Yale-Brain-Mets": {
        "recipe": "kernel_only_sigma3",
        "sigma_used": 3.0,
        "S": 0.3072,
        "route_label": "Yale-Brain-Mets",
        "auc_mean": 0.8912936203461662,
        "dice_mean": 0.07254378353895052,
        "coverage_mean": 0.29161468552208963,
        "n_eval": 19,