{
  "version": "v195",
  "experiment": "Multimodal Cox: does V_kernel add prognostic info beyond clinical features?",
  "timestamp": "2026-05-10T10:13:27",
  "n_total": 39,
  "n_complete_case": 39,
  "n_events": 31,
  "univariate_cox": {
    "age": {
      "n": 39,
      "beta": 0.2144184949063624,
      "se": 0.21331829934474528,
      "HR_per_SD": 1.2391411205454597,
      "p_value": 0.3148210016670938
    },
    "kps": {
      "n": 39,
      "beta": -0.2800486805854918,
      "se": 0.19707772541818902,
      "HR_per_SD": 0.7557469503561997,
      "p_value": 0.15531494096398024
    },
    "idh": {
      "n": 39,
      "beta": -0.08903311069719776,
      "se": 0.16570478460208396,
      "HR_per_SD": 0.9148152829011581,
      "p_value": 0.5910606974870074
    },
    "gtr": {
      "n": 39,
      "beta": -0.475750743377284,
      "se": 0.19413008861616265,
      "HR_per_SD": 0.6214183555856643,
      "p_value": 0.014258661498237846
    },
    "preop_vol": {
      "n": 39,
      "beta": 0.16939412343327903,
      "se": 0.15618628076909197,
      "HR_per_SD": 1.1845869203972532,
      "p_value": 0.2781145059970396
    },
    "postop_vol": {
      "n": 39,
      "beta": 0.6874894045933845,
      "se": 0.20388224970529095,
      "HR_per_SD": 1.9887163982117801,
      "p_value": 0.0007462649690281875
    },
    "v_kernel_s3": {
      "n": 39,
      "beta": -0.018990193117081867,
      "se": 0.17884280410092157,
      "HR_per_SD": 0.9811889846011158,
      "p_value": 0.9154365924325585
    }
  },
  "M0_clinical_only": {
    "features": [
      "age",
      "kps",
      "idh",
      "gtr",
      "rt_tmz"
    ],
    "fit": {
      "beta": [
        0.24617437767421751,
        -0.0916587138738804,
        0.03355849300917591,
        -0.47198621339917424,
        0.0
      ],
      "se": [
        NaN,
        NaN,
        NaN,
        NaN,
        NaN
      ],
      "log_pl": -78.1726659026615,
      "n_iter": 7,
      "converged": true
    },
    "p_values": [
      NaN,
      NaN,
      NaN,
      NaN,
      NaN
    ],
    "c_index": 0.6663619744058501
  },
  "M1_clinical_plus_kernel": {
    "features": [
      "age",
      "kps",
      "idh",
      "gtr",
      "rt_tmz",
      "v_kernel_s3"
    ],
    "fit": {
      "beta": [
        0.28742536357764126,
        -0.0789257521602605,
        0.0555180296339514,
        -0.5162032304051436,
        0.0,
        -0.11952588487380757
      ],
      "se": [
        NaN,
        NaN,
        NaN,
        NaN,
        NaN,
        NaN
      ],
      "log_pl": -77.97837944859081,
      "n_iter": 8,
      "converged": true
    },
    "p_values": [
      NaN,
      NaN,
      NaN,
      NaN,
      NaN,
      NaN
    ],
    "c_index": 0.6617915904936015
  },
  "likelihood_ratio_test": {
    "chi2": 0.38857290814138423,
    "p_value": 0.5330504971531963
  },
  "delta_c_index": {
    "point": -0.004570383912248621,
    "ci_95_lo": -0.03965585659551179,
    "ci_95_hi": 0.08265815841439327,
    "n_bootstrap": 1000
  }
}