{
  "version": "v207",
  "experiment": "Multi-seed bootstrap of 3D CNN binary 365-d PFS classifier mask-only vs mask+kernel",
  "timestamp": "2026-05-10T13:57:01",
  "device": "cuda",
  "horizon_days": 365,
  "n_folds": 5,
  "epochs_per_fold": 30,
  "n_total": 130,
  "n_pos": 109,
  "n_neg": 21,
  "seeds": [
    42,
    123,
    999,
    31415,
    271828
  ],
  "per_seed": {
    "42": {
      "mask_only": {
        "fold_aucs": [
          0.509090909090909,
          0.8295454545454546,
          1.0,
          0.6704545454545454,
          0.5119047619047619
        ],
        "pooled_oof_auc": 0.5744866754041067,
        "per_fold_mean": 0.7041991341991343,
        "per_fold_std": 0.1894164167243242
      },
      "mask_plus_kernel": {
        "fold_aucs": [
          0.6181818181818182,
          0.75,
          0.9772727272727273,
          0.6477272727272727,
          0.6071428571428572
        ],
        "pooled_oof_auc": 0.6028833551769331,
        "per_fold_mean": 0.7200649350649351,
        "per_fold_std": 0.13814214350849616
      }
    },
    "123": {
      "mask_only": {
        "fold_aucs": [
          0.6363636363636364,
          0.6363636363636364,
          0.7272727272727273,
          0.5340909090909092,
          0.7380952380952381
        ],
        "pooled_oof_auc": 0.5709916994320665,
        "per_fold_mean": 0.6544372294372295,
        "per_fold_std": 0.07408133167221966
      },
      "mask_plus_kernel": {
        "fold_aucs": [
          0.7454545454545455,
          0.6363636363636364,
          0.6818181818181818,
          0.5113636363636365,
          0.7023809523809523
        ],
        "pooled_oof_auc": 0.5784185233726519,
        "per_fold_mean": 0.6554761904761905,
        "per_fold_std": 0.08015457509008943
      }
    },
    "999": {
      "mask_only": {
        "fold_aucs": [
          0.6454545454545454,
          0.8295454545454546,
          0.7272727272727273,
          0.5568181818181818,
          0.7261904761904762
        ],
        "pooled_oof_auc": 0.6426387068588905,
        "per_fold_mean": 0.697056277056277,
        "per_fold_std": 0.09126300415276653
      },
      "mask_plus_kernel": {
        "fold_aucs": [
          0.6909090909090909,
          0.8409090909090909,
          0.7272727272727273,
          0.7045454545454546,
          0.5238095238095238
        ],
        "pooled_oof_auc": 0.6417649628658804,
        "per_fold_mean": 0.6974891774891774,
        "per_fold_std": 0.101699598908418
      }
    },
    "31415": {
      "mask_only": {
        "fold_aucs": [
          0.6272727272727273,
          0.5113636363636364,
          0.7045454545454546,
          0.5454545454545454,
          0.6785714285714286
        ],
        "pooled_oof_auc": 0.5937090432503277,
        "per_fold_mean": 0.6134415584415585,
        "per_fold_std": 0.0745322174771718
      },
      "mask_plus_kernel": {
        "fold_aucs": [
          0.509090909090909,
          0.5,
          0.6931818181818181,
          0.7272727272727273,
          0.7142857142857143
        ],
        "pooled_oof_auc": 0.5779816513761468,
        "per_fold_mean": 0.6287662337662339,
        "per_fold_std": 0.10204842440856468
      }
    },
    "271828": {
      "mask_only": {
        "fold_aucs": [
          0.709090909090909,
          0.875,
          0.6022727272727273,
          0.6477272727272727,
          0.6428571428571428
        ],
        "pooled_oof_auc": 0.527304499781564,
        "per_fold_mean": 0.6953896103896103,
        "per_fold_std": 0.0960726081044851
      },
      "mask_plus_kernel": {
        "fold_aucs": [
          0.6909090909090909,
          0.8977272727272727,
          0.5795454545454546,
          0.6704545454545454,
          0.6666666666666666
        ],
        "pooled_oof_auc": 0.526867627785059,
        "per_fold_mean": 0.7010606060606059,
        "per_fold_std": 0.1055143943718157
      }
    }
  },
  "aggregate": {
    "mask_only": {
      "pooled_oof_mean": 0.5818261249453911,
      "pooled_oof_std": 0.037371737376540495,
      "pooled_oof_min": 0.527304499781564,
      "pooled_oof_max": 0.6426387068588905,
      "per_fold_mean_avg": 0.672904761904762,
      "per_fold_mean_std": 0.034482239354035375
    },
    "mask_plus_kernel": {
      "pooled_oof_mean": 0.5855832241153343,
      "pooled_oof_std": 0.03744948704867477,
      "pooled_oof_min": 0.526867627785059,
      "pooled_oof_max": 0.6417649628658804,
      "per_fold_mean_avg": 0.6805714285714286,
      "per_fold_mean_std": 0.03340449928270293
    }
  },
  "kernel_rescue_per_seed": [
    0.02839667977282645,
    0.007426823940585359,
    -0.000873743993010101,
    -0.01572739187418093,
    -0.000436871996504995
  ],
  "kernel_rescue_mean": 0.0037570991699431566,
  "kernel_rescue_std": 0.014417040653141467,
  "all_seeds_positive_rescue": false,
  "elapsed_seconds": 486.1504657268524
}