{
  "version": "v212",
  "experiment": "NRI + IDI + Brier-score reclassification statistics for binary 365-d PFS",
  "timestamp": "2026-05-10T15:02:58",
  "horizon_days": 365,
  "n_bootstraps": 1000,
  "MU_4feature": {
    "n": 130,
    "n_pos": 109,
    "n_neg": 21,
    "auc_clin": 0.6199213630406292,
    "auc_full": 0.728265618173875,
    "delta_AUC": 0.10834425513324586,
    "continuous_NRI": {
      "point": 0.4307557885539537,
      "nri_pos": 0.19266055045871555,
      "nri_neg": 0.23809523809523814,
      "bootstrap_mean": 0.43463073905241584,
      "95_CI": [
        -0.061428380349189904,
        0.8988622511174317
      ],
      "p_one_sided": 0.04
    },
    "categorical_NRI": {
      "thresholds": [
        0.25,
        0.5,
        0.75
      ],
      "point": 0.029270423765836606,
      "nri_pos": -0.01834862385321101,
      "nri_neg": 0.047619047619047616,
      "bootstrap_mean": 0.02643447751178043,
      "95_CI": [
        -0.21905981169139063,
        0.2819044295111447
      ],
      "p_one_sided": 0.421
    },
    "IDI": {
      "point": 0.053581687688783464,
      "bootstrap_mean": 0.05390481445120969,
      "95_CI": [
        0.010747363989946001,
        0.09607951374233673
      ],
      "p_one_sided": 0.009
    },
    "Brier": {
      "clin": 0.12433350475039907,
      "full": 0.11724335167634879,
      "delta_brier": -0.007090153074050282,
      "delta_brier_mean": -0.00727308404172734,
      "delta_brier_95_CI": [
        -0.018600340924626934,
        0.0033756266128873716
      ],
      "ref_uncertainty": 0.13544378698224852
    },
    "BSS": {
      "clin": 0.08202873294812385,
      "full": 0.13437630260799704,
      "delta_bss": 0.052347569659873194,
      "delta_bss_bootstrap_mean": 0.053311450883883,
      "delta_bss_95_CI": [
        -0.02700824354349995,
        0.13247618069012315
      ],
      "p_one_sided": 0.092
    },
    "Brier_decomp_clin": {
      "brier": 0.12416769654760605,
      "reliability": 0.007236926168559825,
      "resolution": 0.018513016603202287,
      "uncertainty": 0.13544378698224852
    },
    "Brier_decomp_full": {
      "brier": 0.11794592956882252,
      "reliability": 0.008163121440755006,
      "resolution": 0.025660978854181008,
      "uncertainty": 0.13544378698224852
    }
  },
  "MU_3feature": {
    "n": 130,
    "n_pos": 109,
    "n_neg": 21,
    "auc_clin": 0.6242900830056793,
    "auc_full": 0.7313237221494102,
    "delta_AUC": 0.10703363914373087,
    "continuous_NRI": {
      "point": 0.4307557885539537,
      "nri_pos": 0.19266055045871555,
      "nri_neg": 0.23809523809523814,
      "bootstrap_mean": 0.435186139292022,
      "95_CI": [
        -0.021930464663741683,
        0.8818745333608228
      ],
      "p_one_sided": 0.035
    },
    "categorical_NRI": {
      "thresholds": [
        0.25,
        0.5,
        0.75
      ],
      "point": 0.021843599825251192,
      "nri_pos": -0.07339449541284404,
      "nri_neg": 0.09523809523809523,
      "bootstrap_mean": 0.025473690004945725,
      "95_CI": [
        -0.19564167636536053,
        0.26864035087719296
      ],
      "p_one_sided": 0.433
    },
    "IDI": {
      "point": 0.0515663039504245,
      "bootstrap_mean": 0.05222717563928791,
      "95_CI": [
        0.012257445097580217,
        0.09133513001313756
      ],
      "p_one_sided": 0.004
    },
    "Brier": {
      "clin": 0.12462818862787674,
      "full": 0.11800357041266533,
      "delta_brier": -0.006624618215211403,
      "delta_brier_mean": -0.0067217645043835894,
      "delta_brier_95_CI": [
        -0.01639243710270435,
        0.0033547918000436175
      ],
      "ref_uncertainty": 0.13544378698224852
    },
    "BSS": {
      "clin": 0.07985304158535733,
      "full": 0.12876350372475132,
      "delta_bss": 0.048910462139393984,
      "delta_bss_bootstrap_mean": 0.049508882150628396,
      "delta_bss_95_CI": [
        -0.026695758593040745,
        0.11765682587699831
      ],
      "p_one_sided": 0.107
    },
    "Brier_decomp_clin": {
      "brier": 0.12352971513809452,
      "reliability": 0.0025957641785681242,
      "resolution": 0.014509836022722112,
      "uncertainty": 0.13544378698224852
    },
    "Brier_decomp_full": {
      "brier": 0.11971180184082564,
      "reliability": 0.001927299708497423,
      "resolution": 0.0176592848499203,
      "uncertainty": 0.13544378698224852
    }
  },
  "pooled_3feature": {
    "n": 161,
    "n_pos": 132,
    "n_neg": 29,
    "auc_clin": 0.5958725182863114,
    "auc_full": 0.6773772204806687,
    "delta_AUC": 0.08150470219435735,
    "continuous_NRI": {
      "point": 0.39289446185997917,
      "nri_pos": 0.15151515151515155,
      "nri_neg": 0.24137931034482762,
      "bootstrap_mean": 0.3971893068941689,
      "95_CI": [
        0.02320342730790487,
        0.7701204284221524
      ],
      "p_one_sided": 0.02
    },
    "categorical_NRI": {
      "thresholds": [
        0.25,
        0.5,
        0.75
      ],
      "point": 0.05381400208986416,
      "nri_pos": -0.015151515151515152,
      "nri_neg": 0.06896551724137931,
      "bootstrap_mean": 0.058357917249460954,
      "95_CI": [
        -0.10765922560316253,
        0.24242566643882432
      ],
      "p_one_sided": 0.263
    },
    "IDI": {
      "point": 0.029448832497850796,
      "bootstrap_mean": 0.029705329614987883,
      "95_CI": [
        0.005010865686969507,
        0.055087413135180036
      ],
      "p_one_sided": 0.012
    },
    "Brier": {
      "clin": 0.13758278056667106,
      "full": 0.13316395133584977,
      "delta_brier": -0.004418829230821292,
      "delta_brier_mean": -0.004571445390364416,
      "delta_brier_95_CI": [
        -0.011719651192364284,
        0.0025333817109354246
      ],
      "ref_uncertainty": 0.14767948767408665
    },
    "BSS": {
      "clin": 0.06836905562469164,
      "full": 0.09829080914927846,
      "delta_bss": 0.029921753524586814,
      "delta_bss_bootstrap_mean": 0.03084250871259514,
      "delta_bss_95_CI": [
        -0.01885131541252295,
        0.08142728530448466
      ],
      "p_one_sided": 0.103
    },
    "Brier_decomp_clin": {
      "brier": 0.13641647565050455,
      "reliability": 0.0031121278244175894,
      "resolution": 0.01437513984799969,
      "uncertainty": 0.14767948767408665
    },
    "Brier_decomp_full": {
      "brier": 0.13204170919147312,
      "reliability": 0.003073600208749602,
      "resolution": 0.01871137869136312,
      "uncertainty": 0.14767948767408665
    }
  }
}