{
  "version": "v215",
  "experiment": "SimCLR self-supervised pretraining on multi-cohort masks + binary 365-d PFS head fine-tune on MU",
  "timestamp": "2026-05-10T15:31:27",
  "device": "cuda",
  "horizon_days": 365,
  "pretrain_epochs": 40,
  "ft_epochs": 50,
  "temperature": 0.5,
  "n_pretrain_samples": 509,
  "cohort_counts": {
    "MU-Glioma-Post": 151,
    "RHUH-GBM": 39,
    "UCSF-POSTOP": 297,
    "LUMIERE": 22
  },
  "pretrain_loss_curve": [
    2.965653382241726,
    2.36560095846653,
    2.320522725582123,
    2.288845792412758,
    2.2359975427389145,
    2.1883252449333668,
    2.1829548217356205,
    2.1676902770996094,
    2.169885866343975,
    2.1763350889086723,
    2.084059812128544,
    2.1326791495084763,
    2.0832440331578255,
    2.0731134936213493,
    2.0571929179131985,
    2.075665559619665,
    2.084161441773176,
    2.01389354839921,
    2.0244268365204334,
    1.976123157888651,
    1.9924711845815182,
    1.982818990945816,
    1.9548562318086624,
    1.9999487847089767,
    1.937649842351675,
    1.9404150024056435,
    1.9208540953695774,
    1.9297243729233742,
    1.9121185578405857,
    1.934613898396492,
    1.8992484770715237,
    1.8856180123984814,
    1.887149192392826,
    1.8993513025343418,
    1.8782762475311756,
    1.8953274004161358,
    1.860209684818983,
    1.8625991307199001,
    1.8772041834890842,
    1.8688822537660599
  ],
  "pretrain_final_loss": 1.8688822537660599,
  "n_mu_labelled": 130,
  "n_folds": 5,
  "fold_aucs": [
    0.6636363636363636,
    0.7386363636363636,
    0.7840909090909091,
    0.5227272727272727,
    0.8214285714285714
  ],
  "fold_mean_auc": 0.706103896103896,
  "fold_std_auc": 0.10570770425283321,
  "pooled_oof_auc": 0.6046308431629532,
  "bootstrap": {
    "mean": 0.6116587820091448,
    "95_CI": [
      0.5093776918953422,
      0.7180918227188248
    ]
  },
  "comparison": {
    "v202_logistic_clin_plus_Vk_MU": 0.728,
    "v207_5seed_cnn_mean_MU": 0.586,
    "v209_deep_ensemble_MU": 0.587,
    "v213_supervised_pretrain_FT_RHUH": 0.804,
    "v215_simclr_pretrain_FT_MU": 0.6046308431629532
  },
  "elapsed_seconds": 104.56750464439392
}