{
  "version": "v216",
  "experiment": "V_kernel robustness to 3 mask perturbation types: morphological, voxel-flip noise, partial-volume blur",
  "timestamp": "2026-05-10T15:54:20",
  "horizon_days": 365,
  "n_samples": 130,
  "n_pos": 109,
  "n_neg": 21,
  "baseline": {
    "auc_clin": 0.6199213630406292,
    "auc_full": 0.728265618173875,
    "delta_AUC": 0.10834425513324586,
    "NRI": 0.4307557885539537
  },
  "perturbation_morphological": {
    "-3": {
      "auc_clin": 0.6199213630406292,
      "auc_full": 0.6679772826561818,
      "delta_AUC": 0.04805591961555267,
      "NRI": 0.41939711664482315
    },
    "-2": {
      "auc_clin": 0.6199213630406292,
      "auc_full": 0.6736566186107471,
      "delta_AUC": 0.053735255570117935,
      "NRI": 0.43425076452599387
    },
    "-1": {
      "auc_clin": 0.6199213630406292,
      "auc_full": 0.6863259065093927,
      "delta_AUC": 0.06640454346876357,
      "NRI": 0.2437745740498034
    },
    "0": {
      "auc_clin": 0.6199213630406292,
      "auc_full": 0.728265618173875,
      "delta_AUC": 0.10834425513324586,
      "NRI": 0.4307557885539537
    },
    "1": {
      "auc_clin": 0.6199213630406292,
      "auc_full": 0.7038007863695936,
      "delta_AUC": 0.08387942332896448,
      "NRI": 0.2804718217562254
    },
    "2": {
      "auc_clin": 0.6199213630406292,
      "auc_full": 0.6605504587155964,
      "delta_AUC": 0.0406290956749672,
      "NRI": 0.09349060725207514
    },
    "3": {
      "auc_clin": 0.6199213630406292,
      "auc_full": 0.6601135867190914,
      "delta_AUC": 0.0401922236784622,
      "NRI": 0.17038007863695936
    }
  },
  "perturbation_voxelflip": {
    "0.00": {
      "auc_clin": 0.6199213630406292,
      "auc_full": 0.728265618173875,
      "delta_AUC": 0.10834425513324586,
      "NRI": 0.4307557885539537
    },
    "0.05": {
      "auc_clin": 0.6199213630406292,
      "auc_full": 0.7155963302752295,
      "delta_AUC": 0.09567496723460034,
      "NRI": 0.27697684578418524
    },
    "0.10": {
      "auc_clin": 0.6199213630406292,
      "auc_full": 0.7020532983835737,
      "delta_AUC": 0.0821319353429445,
      "NRI": 0.44560943643512446
    },
    "0.20": {
      "auc_clin": 0.6199213630406292,
      "auc_full": 0.6994320664045435,
      "delta_AUC": 0.0795107033639143,
      "NRI": 0.3722149410222804
    },
    "0.30": {
      "auc_clin": 0.6199213630406292,
      "auc_full": 0.6941896024464832,
      "delta_AUC": 0.07426823940585403,
      "NRI": 0.3722149410222804
    },
    "0.50": {
      "auc_clin": 0.6199213630406292,
      "auc_full": 0.6841415465268676,
      "delta_AUC": 0.06422018348623848,
      "NRI": 0.4307557885539537
    }
  },
  "perturbation_partial_volume": {
    "0.0": {
      "auc_clin": 0.6199213630406292,
      "auc_full": 0.728265618173875,
      "delta_AUC": 0.10834425513324586,
      "NRI": 0.4307557885539537
    },
    "0.5": {
      "auc_clin": 0.6199213630406292,
      "auc_full": 0.72782874617737,
      "delta_AUC": 0.10790738313674086,
      "NRI": 0.4307557885539537
    },
    "1.0": {
      "auc_clin": 0.6199213630406292,
      "auc_full": 0.7291393621668851,
      "delta_AUC": 0.10921799912625596,
      "NRI": 0.44910441240716475
    },
    "1.5": {
      "auc_clin": 0.6199213630406292,
      "auc_full": 0.7260812581913499,
      "delta_AUC": 0.10615989515072077,
      "NRI": 0.5076452599388379
    },
    "2.0": {
      "auc_clin": 0.6199213630406292,
      "auc_full": 0.7134119702927043,
      "delta_AUC": 0.09349060725207514,
      "NRI": 0.5259938837920488
    },
    "3.0": {
      "auc_clin": 0.6199213630406292,
      "auc_full": 0.6876365224989078,
      "delta_AUC": 0.06771515945827866,
      "NRI": 0.26212319790301436
    }
  }
}