{
  "version": "v219",
  "experiment": "SOTA 3D ResNet-18 architecture comparison vs v207 SimpleCNN and logistic baseline",
  "timestamp": "2026-05-10T16:23:47",
  "device": "cuda",
  "horizon_days": 365,
  "n_folds": 5,
  "epochs_per_fold": 30,
  "n_mu": 130,
  "n_pretrain_samples": 509,
  "simple_cnn_params": 487553,
  "resnet3d18_params": 4680705,
  "param_ratio": 9.600402417788425,
  "simclr_pretrain_loss_curve": [
    3.2927061915397644,
    2.637504056096077,
    2.400078199803829,
    2.317208856344223,
    2.1940904520452023,
    2.112020969390869,
    2.151480946689844,
    2.108242377638817,
    2.0313354283571243,
    1.974377416074276,
    1.961677473038435,
    2.002514723688364,
    1.941682443022728,
    1.9230156056582928,
    1.8903328627347946,
    1.8831066265702248,
    1.9217055886983871,
    1.904671162366867,
    1.8810169734060764,
    1.8417663984000683,
    1.8768342956900597,
    1.8454861342906952,
    1.8367171734571457,
    1.8257122971117496,
    1.8156712539494038,
    1.958580732345581,
    1.8908217772841454,
    1.8494242578744888,
    1.8079109378159046,
    1.855448167771101
  ],
  "results": {
    "A_simple_cnn": {
      "fold_aucs": [
        0.5999999999999999,
        0.6818181818181818,
        0.5340909090909091,
        0.7159090909090908,
        0.6904761904761905
      ],
      "fold_mean": 0.6444588744588744,
      "fold_std": 0.06749240542194636,
      "pooled_oof_auc": 0.5517693315858453
    },
    "B_resnet3d18": {
      "fold_aucs": [
        0.5272727272727272,
        0.7954545454545455,
        0.9886363636363636,
        0.5113636363636364,
        0.7738095238095238
      ],
      "fold_mean": 0.7193073593073593,
      "fold_std": 0.1796802071897628,
      "pooled_oof_auc": 0.5683704674530363
    },
    "C_resnet3d18_simclr_pretrain": {
      "fold_aucs": [
        0.5545454545454546,
        0.5227272727272727,
        0.6363636363636364,
        0.6931818181818181,
        0.7857142857142857
      ],
      "fold_mean": 0.6385064935064934,
      "fold_std": 0.09499305351386492,
      "pooled_oof_auc": 0.5771079073831367
    }
  },
  "comparison_summary": [
    {
      "name": "v202 logistic clinical+V_kernel (deterministic)",
      "auc": 0.728,
      "note": "\u2014"
    },
    {
      "name": "v207 5-seed SimpleCNN supervised",
      "auc": 0.586,
      "note": "(reference)"
    },
    {
      "name": "v215 SimpleCNN + SimCLR pretrain",
      "auc": 0.706,
      "note": "per-fold mean"
    },
    {
      "name": "v219 (A) SimpleCNN baseline",
      "auc": 0.5517693315858453,
      "note": "pooled OOF"
    },
    {
      "name": "v219 (B) 3D ResNet-18 SOTA",
      "auc": 0.5683704674530363,
      "note": "pooled OOF"
    },
    {
      "name": "v219 (C) 3D ResNet-18 + SimCLR pretrain",
      "auc": 0.5771079073831367,
      "note": "pooled OOF"
    }
  ],
  "elapsed_seconds": 427.7330677509308
}