{
  "version": "v223",
  "experiment": "SimCLR-feature + multi-\u03c3 HYBRID logistic vs each individually",
  "timestamp": "2026-05-10T17:19:39",
  "device": "cuda",
  "horizon_days": 365,
  "n_pretrain_samples": 509,
  "n_mu": 130,
  "n_folds": 5,
  "simclr_pretrain_loss": [
    2.9623657763004303,
    2.318870037794113,
    2.3257866390049458,
    2.194887325167656,
    2.1387030966579914,
    2.143745392560959,
    2.1346710063517094,
    2.168751586228609,
    2.0603869892656803,
    2.0638915486633778,
    2.038241520524025,
    2.0896761752665043,
    2.0067964419722557,
    2.0395968593657017,
    1.9950929544866085,
    1.9567514210939407,
    1.9590537138283253,
    2.022236220538616,
    1.9773923084139824,
    1.967641033232212,
    1.9630009345710278,
    1.937607116997242,
    1.9462654627859592,
    1.9161558412015438,
    1.9091085232794285,
    1.9535204619169235,
    1.948490384966135,
    1.9020346328616142,
    1.903672456741333,
    1.8866104669868946
  ],
  "results": {
    "multi_sigma_only": {
      "n_features": 7,
      "fold_aucs": [
        0.7090909090909091,
        0.5909090909090909,
        0.8522727272727273,
        0.8522727272727273,
        0.5833333333333334
      ],
      "fold_mean": 0.7175757575757576,
      "pooled_oof_auc": 0.7081695063346439
    },
    "simclr_only": {
      "n_features": 96,
      "fold_aucs": [
        0.6,
        0.8181818181818181,
        0.5113636363636364,
        0.8409090909090909,
        0.5833333333333333
      ],
      "fold_mean": 0.6707575757575757,
      "pooled_oof_auc": 0.5653123634775011
    },
    "hybrid_simclr_plus_multi_sigma": {
      "n_features": 103,
      "fold_aucs": [
        0.5909090909090909,
        0.7272727272727273,
        0.5568181818181819,
        0.9659090909090909,
        0.5119047619047619
      ],
      "fold_mean": 0.6705627705627706,
      "pooled_oof_auc": 0.599388379204893
    }
  },
  "bootstrap_deltas": {
    "hybrid_minus_multi_sigma": {
      "mean": -0.10347138359190203,
      "95_CI": [
        -0.22618243243243247,
        0.05582690944533025
      ],
      "p_one_sided": 0.912
    },
    "hybrid_minus_simclr": {
      "mean": 0.02622834103070939,
      "95_CI": [
        -0.06550486020096098,
        0.10982342187111924
      ],
      "p_one_sided": 0.294
    },
    "multi_sigma_minus_simclr": {
      "mean": 0.12418198520078758,
      "95_CI": [
        -0.016128883136094674,
        0.26926073065656936
      ],
      "p_one_sided": 0.032
    }
  },
  "comparison_to_prior_rounds": {
    "v202_logistic_clin_Vk_s3": 0.728,
    "v218_logistic_clin_Vk_multi_sigma": 0.815,
    "v215_simclr_per_fold_mean": 0.706,
    "v219_3d_resnet_18": 0.568,
    "v221_3d_vit": 0.599
  },
  "elapsed_seconds": 78.72259092330933
}