{
  "version": "v226",
  "experiment": "L1 lasso + stability selection for \u03c3-feature subset",
  "timestamp": "2026-05-10T17:57:59",
  "horizon_days": 365,
  "n_total": 130,
  "n_pos": 109,
  "n_bootstraps": 200,
  "stability_threshold": 0.8,
  "lambda_stable": 0.05,
  "lasso_path": {
    "0.0010": {
      "lambda": 0.001,
      "n_nonzero": 10,
      "auc": 0.7501092179991262,
      "selected_features": [
        "age",
        "idh1",
        "mgmt",
        "v_kernel_s1",
        "v_kernel_s2",
        "v_kernel_s3",
        "v_kernel_s4",
        "v_kernel_s5",
        "v_kernel_s7",
        "v_kernel_s10"
      ],
      "beta": [
        1.6975202674444387,
        -0.15443610989825357,
        -0.49432406208167706,
        -0.11941247801053788,
        0.23469738248611388,
        0.2271737377743563,
        0.2658681429014316,
        0.1544485186680316,
        -0.05974370207489766,
        -0.2919356661391511,
        0.08158652961258295
      ]
    },
    "0.0050": {
      "lambda": 0.005,
      "n_nonzero": 10,
      "auc": 0.7461773700305812,
      "selected_features": [
        "age",
        "idh1",
        "mgmt",
        "v_kernel_s1",
        "v_kernel_s2",
        "v_kernel_s3",
        "v_kernel_s4",
        "v_kernel_s5",
        "v_kernel_s7",
        "v_kernel_s10"
      ],
      "beta": [
        1.6880907700268932,
        -0.11140392006730791,
        -0.4529211011489358,
        -0.10483274615696084,
        0.20678834704854301,
        0.19803945084510946,
        0.23189308337002337,
        0.11289779064035255,
        -0.0033436552317590153,
        -0.2077754739519804,
        0.03504232147482444
      ]
    },
    "0.0100": {
      "lambda": 0.01,
      "n_nonzero": 8,
      "auc": 0.7356924421144605,
      "selected_features": [
        "age",
        "idh1",
        "mgmt",
        "v_kernel_s1",
        "v_kernel_s2",
        "v_kernel_s3",
        "v_kernel_s4",
        "v_kernel_s7"
      ],
      "beta": [
        1.676075873939241,
        -0.059284292375144536,
        -0.4058919566662238,
        -0.08337175414181552,
        0.17808653897251323,
        0.17212161619776709,
        0.2025159703396122,
        0.07531657762144844,
        -0.0,
        -0.0984858339663744,
        0.0
      ]
    },
    "0.0250": {
      "lambda": 0.025,
      "n_nonzero": 6,
      "auc": 0.7265181301878549,
      "selected_features": [
        "idh1",
        "mgmt",
        "v_kernel_s1",
        "v_kernel_s2",
        "v_kernel_s3",
        "v_kernel_s4"
      ],
      "beta": [
        1.6422403673268564,
        -0.0,
        -0.3285871918983443,
        -0.0073924347275986235,
        0.11090525323161689,
        0.12611674405859996,
        0.1584738420919317,
        0.022788524899091157,
        0.0,
        -0.0,
        0.0
      ]
    },
    "0.0500": {
      "lambda": 0.05,
      "n_nonzero": 4,
      "auc": 0.7326343381389253,
      "selected_features": [
        "idh1",
        "v_kernel_s1",
        "v_kernel_s2",
        "v_kernel_s3"
      ],
      "beta": [
        1.5992250125604828,
        -0.0,
        -0.2177461607894398,
        -0.0,
        0.024532243984289867,
        0.07758835399326497,
        0.11996464305846728,
        0.0,
        0.0,
        0.0,
        0.0
      ]
    },
    "0.1000": {
      "lambda": 0.1,
      "n_nonzero": 0,
      "auc": 0.5207514198339886,
      "selected_features": [],
      "beta": [
        1.5751204845104212,
        0.0,
        -0.0,
        -0.0,
        0.0,
        0.0,
        0.0,
        0.0,
        0.0,
        0.0,
        0.0
      ]
    },
    "0.2500": {
      "lambda": 0.25,
      "n_nonzero": 0,
      "auc": 0.5207514198339886,
      "selected_features": [],
      "beta": [
        1.5751204845104212,
        0.0,
        -0.0,
        -0.0,
        0.0,
        0.0,
        0.0,
        0.0,
        0.0,
        0.0,
        0.0
      ]
    },
    "0.5000": {
      "lambda": 0.5,
      "n_nonzero": 0,
      "auc": 0.5207514198339886,
      "selected_features": [],
      "beta": [
        1.5751204845104212,
        0.0,
        -0.0,
        -0.0,
        0.0,
        0.0,
        0.0,
        0.0,
        0.0,
        0.0,
        0.0
      ]
    },
    "1.0000": {
      "lambda": 1.0,
      "n_nonzero": 0,
      "auc": 0.5207514198339886,
      "selected_features": [],
      "beta": [
        1.5751204845104212,
        0.0,
        -0.0,
        -0.0,
        0.0,
        0.0,
        0.0,
        0.0,
        0.0,
        0.0,
        0.0
      ]
    },
    "2.0000": {
      "lambda": 2.0,
      "n_nonzero": 0,
      "auc": 0.5207514198339886,
      "selected_features": [],
      "beta": [
        1.5751204845104212,
        0.0,
        -0.0,
        -0.0,
        0.0,
        0.0,
        0.0,
        0.0,
        0.0,
        0.0,
        0.0
      ]
    }
  },
  "stability_selection": {
    "selection_frequencies": {
      "age": 0.045,
      "idh1": 0.805,
      "mgmt": 0.29,
      "v_kernel_s1": 0.51,
      "v_kernel_s2": 0.62,
      "v_kernel_s3": 0.745,
      "v_kernel_s4": 0.395,
      "v_kernel_s5": 0.035,
      "v_kernel_s7": 0.04,
      "v_kernel_s10": 0.185
    },
    "stable_features_at_80_pct": [
      "idh1"
    ],
    "lower_threshold_subsets": {
      "thr_50_pct": [
        "idh1",
        "v_kernel_s1",
        "v_kernel_s2",
        "v_kernel_s3"
      ],
      "thr_60_pct": [
        "idh1",
        "v_kernel_s2",
        "v_kernel_s3"
      ],
      "thr_70_pct": [
        "idh1",
        "v_kernel_s3"
      ],
      "thr_80_pct": [
        "idh1"
      ]
    }
  },
  "auc_comparison": {
    "multi_sigma_2_3_4_5": 0.8147662734818699,
    "stable_subset_at_80_pct": 0.5487112276103102
  }
}