{
  "version": "v227",
  "experiment": "IDH1 molecular pathology classification from baseline imaging via multi-\u03c3 V_kernel",
  "timestamp": "2026-05-10T17:58:45",
  "device": "cuda",
  "n_total": 151,
  "n_mut": 39,
  "n_wt": 112,
  "n_folds": 5,
  "results": {
    "A_clin_only": {
      "fold_aucs": [
        0.944,
        0.8854166666666666,
        0.9999999999999999,
        0.96875,
        0.8333333333333333
      ],
      "fold_mean": 0.9263,
      "pooled_oof_auc": 0.8819362455726092
    },
    "B_kernel_only": {
      "fold_aucs": [
        0.528,
        0.5729166666666666,
        0.53125,
        0.8124999999999999,
        0.6666666666666667
      ],
      "fold_mean": 0.6222666666666667,
      "pooled_oof_auc": 0.5541125541125541
    },
    "C_clin_plus_kernel": {
      "fold_aucs": [
        0.96,
        0.8958333333333334,
        0.9999999999999999,
        0.9999999999999999,
        0.8020833333333333
      ],
      "fold_mean": 0.9315833333333334,
      "pooled_oof_auc": 0.9000393545848091
    },
    "D_3D_CNN": {
      "fold_aucs": [
        0.5519999999999999,
        0.6458333333333333,
        0.7708333333333334,
        0.6979166666666666,
        0.65625
      ],
      "fold_mean": 0.6645666666666666,
      "pooled_oof_auc": 0.652892561983471
    }
  },
  "bootstrap_deltas": {
    "combined_minus_clin": {
      "mean": 0.017965145226090506,
      "95_CI": [
        -0.003291340884179786,
        0.0465565445623645
      ],
      "p_one_sided": 0.064
    },
    "kernel_minus_clin": {
      "mean": -0.3104121376198845,
      "95_CI": [
        -0.4125309291621158,
        -0.17813152011922517
      ],
      "p_one_sided": 1.0
    }
  },
  "elapsed_seconds": 62.403910875320435
}