{
  "version": "v228",
  "experiment": "Multi-horizon DCA + Calibration + Per-patient SHAP attribution for multi-\u03c3 logistic",
  "timestamp": "2026-05-10T18:10:36",
  "n_total": 130,
  "horizons": [
    180,
    270,
    365,
    450,
    540
  ],
  "dca": {
    "180": {
      "n_pos": 69,
      "n_neg": 61,
      "prevalence": 0.5307692307692308,
      "thresholds": [
        0.05,
        0.1,
        0.15000000000000002,
        0.2,
        0.25,
        0.3,
        0.35000000000000003,
        0.4,
        0.45,
        0.5,
        0.55,
        0.6000000000000001,
        0.6500000000000001,
        0.7000000000000001,
        0.7500000000000001,
        0.8,
        0.8500000000000001,
        0.9000000000000001,
        0.9500000000000001
      ],
      "nb_clin": [
        0.5060728744939271,
        0.47863247863247865,
        0.44796380090497734,
        0.41538461538461535,
        0.37435897435897436,
        0.334065934065934,
        0.2846153846153846,
        0.24615384615384614,
        0.18461538461538463,
        0.12307692307692308,
        0.1307692307692307,
        0.04999999999999993,
        -0.010989010989011026,
        -0.017948717948717954,
        0.0,
        0.0,
        0.0,
        0.0,
        0.0
      ],
      "nb_full": [
        0.5060728744939271,
        0.4794871794871795,
        0.44932126696832575,
        0.4076923076923077,
        0.37435897435897436,
        0.3263736263736263,
        0.2857988165680473,
        0.25897435897435894,
        0.24615384615384617,
        0.20769230769230768,
        0.15470085470085462,
        0.057692307692307626,
        -0.005494505494505586,
        -0.015384615384615413,
        0.023076923076923064,
        -6.938893903907228e-18,
        0.015384615384615385,
        0.015384615384615385,
        0.0
      ],
      "nb_treat_all": [
        0.5060728744939271,
        0.47863247863247865,
        0.44796380090497734,
        0.41346153846153844,
        0.37435897435897436,
        0.32967032967032966,
        0.2781065088757396,
        0.2179487179487179,
        0.14685314685314688,
        0.06153846153846154,
        -0.042735042735042916,
        -0.17307692307692335,
        -0.3406593406593412,
        -0.5641025641025644,
        -0.8769230769230777,
        -1.3461538461538467,
        -2.12820512820513,
        -3.6923076923076987,
        -8.384615384615397
      ],
      "delta_nb_mean": 0.012658633473113105,
      "n_thresholds_full_better": 13,
      "total_thresholds": 19
    },
    "270": {
      "n_pos": 95,
      "n_neg": 35,
      "prevalence": 0.7307692307692307,
      "thresholds": [
        0.05,
        0.1,
        0.15000000000000002,
        0.2,
        0.25,
        0.3,
        0.35000000000000003,
        0.4,
        0.45,
        0.5,
        0.55,
        0.6000000000000001,
        0.6500000000000001,
        0.7000000000000001,
        0.7500000000000001,
        0.8,
        0.8500000000000001,
        0.9000000000000001,
        0.9500000000000001
      ],
      "nb_clin": [
        0.7165991902834008,
        0.7008547008547008,
        0.6769230769230768,
        0.6634615384615384,
        0.6435897435897435,
        0.6208791208791209,
        0.5988165680473372,
        0.5692307692307692,
        0.5468531468531468,
        0.5076923076923077,
        0.4623931623931623,
        0.4153846153846152,
        0.3549450549450547,
        0.29999999999999993,
        0.20769230769230745,
        -0.015384615384615496,
        0.0,
        0.0,
        0.0
      ],
      "nb_full": [
        0.7174089068825911,
        0.6948717948717948,
        0.6796380090497738,
        0.6615384615384615,
        0.6435897435897435,
        0.6131868131868132,
        0.5834319526627219,
        0.558974358974359,
        0.5377622377622377,
        0.5,
        0.47948717948717945,
        0.42692307692307685,
        0.40879120879120867,
        0.3641025641025641,
        0.28461538461538444,
        0.24615384615384614,
        0.18717948717948715,
        0.06923076923076912,
        0.046153846153846156
      ],
      "nb_treat_all": [
        0.7165991902834008,
        0.7008547008547008,
        0.6832579185520361,
        0.6634615384615384,
        0.641025641025641,
        0.6153846153846153,
        0.5857988165680472,
        0.5512820512820512,
        0.5104895104895104,
        0.46153846153846145,
        0.4017094017094015,
        0.32692307692307665,
        0.23076923076923028,
        0.10256410256410231,
        -0.07692307692307754,
        -0.3461538461538466,
        -0.7948717948717962,
        -1.6923076923076965,
        -4.384615384615393
      ],
      "delta_nb_mean": 0.038584681753168024,
      "n_thresholds_full_better": 11,
      "total_thresholds": 19
    },
    "365": {
      "n_pos": 109,
      "n_neg": 21,
      "prevalence": 0.8384615384615385,
      "thresholds": [
        0.05,
        0.1,
        0.15000000000000002,
        0.2,
        0.25,
        0.3,
        0.35000000000000003,
        0.4,
        0.45,
        0.5,
        0.55,
        0.6000000000000001,
        0.6500000000000001,
        0.7000000000000001,
        0.7500000000000001,
        0.8,
        0.8500000000000001,
        0.9000000000000001,
        0.9500000000000001
      ],
      "nb_clin": [
        0.8299595141700405,
        0.8205128205128205,
        0.8099547511312217,
        0.7980769230769231,
        0.7871794871794872,
        0.7725274725274726,
        0.755621301775148,
        0.735897435897436,
        0.704895104895105,
        0.6846153846153846,
        0.6538461538461537,
        0.6153846153846152,
        0.5659340659340657,
        0.4794871794871794,
        0.43846153846153824,
        0.3692307692307692,
        0.1487179487179484,
        -0.06923076923076957,
        0.0
      ],
      "nb_full": [
        0.8299595141700405,
        0.8222222222222222,
        0.8126696832579186,
        0.801923076923077,
        0.7897435897435897,
        0.7758241758241758,
        0.7562130177514793,
        0.7307692307692307,
        0.7097902097902098,
        0.6846153846153846,
        0.6555555555555554,
        0.6153846153846153,
        0.5780219780219779,
        0.5179487179487179,
        0.44615384615384596,
        0.44615384615384607,
        0.4179487179487178,
        0.3307692307692307,
        0.23076923076923078
      ],
      "nb_treat_all": [
        0.8299595141700405,
        0.8205128205128205,
        0.8099547511312217,
        0.7980769230769231,
        0.7846153846153846,
        0.7692307692307693,
        0.7514792899408285,
        0.7307692307692308,
        0.7062937062937064,
        0.676923076923077,
        0.641025641025641,
        0.596153846153846,
        0.5384615384615383,
        0.4615384615384615,
        0.35384615384615364,
        0.1923076923076923,
        -0.07692307692307743,
        -0.6153846153846175,
        -2.230769230769235
      ],
      "delta_nb_mean": 0.05533495506108035,
      "n_thresholds_full_better": 16,
      "total_thresholds": 19
    },
    "450": {
      "n_pos": 115,
      "n_neg": 15,
      "prevalence": 0.8846153846153846,
      "thresholds": [
        0.05,
        0.1,
        0.15000000000000002,
        0.2,
        0.25,
        0.3,
        0.35000000000000003,
        0.4,
        0.45,
        0.5,
        0.55,
        0.6000000000000001,
        0.6500000000000001,
        0.7000000000000001,
        0.7500000000000001,
        0.8,
        0.8500000000000001,
        0.9000000000000001,
        0.9500000000000001
      ],