{
  "version": "v229",
  "experiment": "Attention-weighted multi-\u03c3 kernel via per-patient softmax attention",
  "timestamp": "2026-05-10T18:11:02",
  "device": "cuda",
  "horizon_days": 365,
  "n_folds": 5,
  "epochs_per_fold": 100,
  "n_total": 130,
  "results": {
    "A_fixed_multi_sigma_logistic": {
      "fold_aucs": [
        0.5727272727272728,
        0.5454545454545454,
        0.6704545454545454,
        0.8181818181818182,
        0.6071428571428571
      ],
      "fold_mean": 0.6427922077922078,
      "pooled_oof_auc": 0.6247269550021843
    },
    "B_attention_weighted": {
      "fold_aucs": [
        0.809090909090909,
        0.6022727272727273,
        0.625,
        0.6477272727272727,
        0.6190476190476191
      ],
      "fold_mean": 0.6606277056277056,
      "pooled_oof_auc": 0.6649191786806465,
      "learned_attention_per_fold": [
        [
          0.21284741163253784,
          0.1906503438949585,
          0.0005528392503038049,
          0.5959494113922119
        ],
        [
          0.20156599581241608,
          0.618245005607605,
          0.07832570374011993,
          0.10186333954334259
        ],
        [
          0.16103754937648773,
          0.03838302567601204,
          0.040740709751844406,
          0.7598387598991394
        ],
        [
          0.30461663007736206,
          0.06109829619526863,
          0.48078685998916626,
          0.15349820256233215
        ],
        [
          0.2714221477508545,
          0.3176707327365875,
          0.2521686255931854,
          0.15873843431472778
        ]
      ],
      "learned_attention_mean": [
        0.23029794692993164,
        0.24520948082208632,
        0.17051494766492398,
        0.3539776295423508
      ]
    }
  },
  "bootstrap_delta_b_minus_a": {
    "mean": 0.036689314643730264,
    "95_CI": [
      -0.14348958333333334,
      0.2018808613375013
    ],
    "p_one_sided": 0.346
  },
  "elapsed_seconds": 24.67922282218933
}