{
  "version": "v89",
  "source": "C:\\Users\\kamru\\Downloads\\Nature_project\\05_results\\v77_proteas_rtdose_patient_metrics.csv",
  "thresholds": {
    "dose": ">=95% Rx",
    "heat": ">=0.50"
  },
  "strata": {
    "all": {
      "n_rows": 121,
      "n_patients": 42,
      "counts": {
        "both_capture": 37,
        "heat_only": 21,
        "neither": 52,
        "dose_only": 11
      },
      "proportions": {
        "both_capture": 0.30578512396694213,
        "heat_only": 0.17355371900826447,
        "dose_only": 0.09090909090909091,
        "neither": 0.4297520661157025
      },
      "cluster_bootstrap_ci": {
        "both_capture": [
          0.192,
          0.43243243243243246
        ],
        "heat_only": [
          0.072,
          0.2941290469676241
        ],
        "dose_only": [
          0.031746031746031744,
          0.168
        ],
        "neither": [
          0.3,
          0.5641025641025641
        ]
      }
    },
    "single_fraction": {
      "n_rows": 93,
      "n_patients": 33,
      "counts": {
        "both_capture": 26,
        "heat_only": 12,
        "neither": 50,
        "dose_only": 5
      },
      "proportions": {
        "both_capture": 0.27956989247311825,
        "heat_only": 0.12903225806451613,
        "dose_only": 0.053763440860215055,
        "neither": 0.5376344086021505
      },
      "cluster_bootstrap_ci": {
        "both_capture": [
          0.1619047619047619,
          0.4177215189873418
        ],
        "heat_only": [
          0.0425531914893617,
          0.24731182795698925
        ],
        "dose_only": [
          0.011363636363636364,
          0.10227272727272728
        ],
        "neither": [
          0.3870967741935484,
          0.6741573033707865
        ]
      }
    },
    "seven_fraction": {
      "n_rows": 28,
      "n_patients": 9,
      "counts": {
        "both_capture": 11,
        "heat_only": 9,
        "dose_only": 6,
        "neither": 2
      },
      "proportions": {
        "both_capture": 0.39285714285714285,
        "heat_only": 0.32142857142857145,
        "dose_only": 0.21428571428571427,
        "neither": 0.07142857142857142
      },
      "cluster_bootstrap_ci": {
        "both_capture": [
          0.14705882352941177,
          0.7142857142857143
        ],
        "heat_only": [
          0.0,
          0.6666666666666666
        ],
        "dose_only": [
          0.027777777777777776,
          0.45454545454545453
        ],
        "neither": [
          0.0,
          0.14705882352941177
        ]
      }
    }
  }
}